id,created_at,favorite_count,retweet_count,text
1589816181363724289,2022-11-08 03:04:49+00:00,2,0,@QuaiNetwork cool
1589597277454479361,2022-11-07 12:34:58+00:00,1,0,Check out this item on OpenSea https://t.co/uqOmZlmOzN Êù•Ëá™ @opensea
1589208349945475075,2022-11-06 10:49:31+00:00,0,0,@MetaBeatOffl @Galxe cool
1589207883967004672,2022-11-06 10:47:40+00:00,0,0,come on https://t.co/QWZuhRT2Dp
1588812471175106561,2022-11-05 08:36:26+00:00,1,1,"I just got my free Web3 Domain that matches my Twitter handle - and you can, too! Follow the steps below.

1. Go here: https://t.co/WE8l2F48or
2. Click ""Verify Twitter""
3. Claim your domain

The first 20 to claim using the link get $10 in promo credits!
#ownyourname #UDfam"
1587684781667799040,2022-11-02 05:55:24+00:00,0,0,@oknextlin follow me back!
1587638240135516161,2022-11-02 02:50:27+00:00,0,0,@MetaScanProG @R3VO_XYZ @MetascanPro @metascan_jp @chinese @bosezhan @diabetes come on
1587355509836771328,2022-11-01 08:06:59+00:00,1,0,"The #ZetaLabs Swap App powers any-to-any token/chain trades - without bridging or wrapping assets. Join the @zetablockchain testnet using my referral link, and earn 5000 ZETA Points now: https://t.co/nmcdn2si7k"
1585724742136262657,2022-10-27 20:06:54+00:00,0,0,hurry up https://t.co/IEVvIyVQlq
1582428854962245632,2022-10-18 17:50:13+00:00,3,0,@MetascanPro @opensea fight forever!
1581921345582944256,2022-10-17 08:13:34+00:00,2,0,@hi_com_official wow
1581908319731560448,2022-10-17 07:21:48+00:00,3,0,@oknextlin #TwitterScanNFTname https://t.co/ITIcvV8YUC
1581907006587252736,2022-10-17 07:16:35+00:00,10,0,is the best NFT domain name for indiaüòä https://t.co/5TcpZ746bD
1581816423428431872,2022-10-17 01:16:38+00:00,0,1,@IanChan89779368 @McWLuke @DrewPavlou u r a homeless dog!
1579410925710610432,2022-10-10 09:58:03+00:00,0,0,@MetascanPro india.nft
1579325280480813057,2022-10-10 04:17:43+00:00,3,1,"I've converted my twitter handler to TwitterScan .NFT DOMAIN NAME on @metascanpro
Get yours: https://t.co/TmfXAV8Rw1
You change the Web3 world by being yourself.
#twitterscannftname #airdrops #giveaway #freemint"
1579323907328593920,2022-10-10 04:12:16+00:00,2,0,"I've converted my twitter handler to TwitterScan .NFT DOMAIN NAME on @metascanpro
Get yours: https://t.co/hv4kDmb99N
You change the Web3 world by being yourself.
#twitterscannftname #airdrops #giveaway #freemint"
1575831509293887489,2022-09-30 12:54:44+00:00,1,0,@thenixmin @Israel @IsraelinChina taiwan is a part of China
1575831329710964737,2022-09-30 12:54:01+00:00,0,0,@Israel @IsraelinChina cool!
1574599219448451072,2022-09-27 03:18:03+00:00,2,0,come join https://t.co/QHttoQgFx7 with invite code: biden https://t.co/1bH3CyRe9q
1574006300173803520,2022-09-25 12:02:00+00:00,2,0,@hi_com_official @Mastercard Win-Win partnership!
1572169971148652546,2022-09-20 10:25:05+00:00,1,0,@CryptooIndia omg
1572123606846705664,2022-09-20 07:20:51+00:00,0,0,@Ullekh follow me back pls
1572113701293166594,2022-09-20 06:41:29+00:00,0,0,"@Zhinazhu330 @chinese @gmshp777 Come to India and let me feed you, silly pigs!ü§™"
1572112866169483264,2022-09-20 06:38:10+00:00,0,0,@Zhinazhu330 @chinese @gmshp777 oh shit. you call yourself Zhinazhu. are you really pigs?
1572111604585738242,2022-09-20 06:33:09+00:00,0,0,"@Zhinazhu330 @chinese @gmshp777 oh WTF. your name is Zhinazhu, are you fed as Chinese pigs. you guys are animals?"
1572110483083399168,2022-09-20 06:28:42+00:00,0,0,@Zhinazhu330 @chinese @gmshp777 your whole family are Big SHABI?üí©
1572110310093524992,2022-09-20 06:28:00+00:00,0,0,"@Zhinazhu330 @chinese @gmshp777 somebody tells me you are SHABI, reallyü§Æ?"
1572106321998270466,2022-09-20 06:12:10+00:00,0,0,@chinese @Zhinazhu330 @gmshp777 yes the guy is SHABIü§Æ
1571108114082168832,2022-09-17 12:05:38+00:00,1,0,"@Ullekh @Openthemag @nkokkalis @PiCoreTeam @EarnWithSapna @Gavinz212 @amchethan5656 1. why did Vincent leave the team and file a lawsuit against them?  https://t.co/y5jyJMDAGp
2. why did the previous owner of domain name https://t.co/pgosTsGs54 ask to cancel the exchange deal which was ever propagandized as the first deal in Pi?"
1568870050526040070,2022-09-11 07:52:22+00:00,0,0,@MEXC_NA $hi https://t.co/QHttoPZCv7
1565507372143054848,2022-09-02 01:10:17+00:00,1,0,"If you don‚Äôt have a hi account, create it here üëâ https://t.co/RWhqSh2Bo2 invite code: biden"
1565506816309600260,2022-09-02 01:08:05+00:00,0,0,"Win your share of 1,310,00 HI (~$78,000)!

Complete the #hiSuperLeague tasks for the next 7 days for a chance to win.

DAY 1 TASK: deposit (NOT send) any amount of crypto to hi (excluding HI).

LET‚ÄôS GO üöÄ

More details and daily tasks description üëâ ‚ö°Ô∏è  https://t.co/a7Du4YopS2"
1565204319989018624,2022-09-01 05:06:04+00:00,0,0,@spectatorindex funny
1564954861652783104,2022-08-31 12:34:49+00:00,0,0,@CryptooAdy wow
1564534447101427712,2022-08-30 08:44:14+00:00,0,0,@CryptooAdy üòÑüòÑüòÑ
1564531077351456769,2022-08-30 08:30:51+00:00,0,0,@VitalikButerin hi Vitaliküòä
1562372418047336448,2022-08-24 09:33:06+00:00,0,0,@BinanceHelpDesk @thirtypercent1 @cz_binance @heyibinance helloüòÑ
1561222919140741120,2022-08-21 05:25:24+00:00,1,0,@Vshum1M @WazirXIndia no. https://t.co/QHttoQgFx7 is the best oneüòÑ
1555147945057562624,2022-08-04 11:05:38+00:00,2,0,@DgreatSaba @AmbarishKulali @hi_com_official u r a silly boy
1546991396715868161,2022-07-12 22:54:25+00:00,0,0,lucky time to win a jackpot! https://t.co/YkKAlZ4XjV
1535145164968103936,2022-06-10 06:21:43+00:00,0,0,@Bee_NetworkFP fake
1533925585054928896,2022-06-06 21:35:33+00:00,0,0,@seanrach https://t.co/PyxWSfKndB
1532510341317292032,2022-06-02 23:51:52+00:00,0,0,@CapricornFi good project
1531530177410260993,2022-05-31 06:57:03+00:00,0,0,@plurapeclub @Bee_NetworkFP @vincemcp
1530243504869216258,2022-05-27 17:44:16+00:00,0,0,https://t.co/u0dY5Vs1QO
1528786772431409160,2022-05-23 17:15:44+00:00,0,0,@seanrach yesÔºÅ
1527346747038584834,2022-05-19 17:53:35+00:00,3,0,"the highest-level quality NFT so far
https://t.co/vJkxYFYLSk https://t.co/mRQFETBRBh"
1521342261912506368,2022-05-03 04:13:55+00:00,5,1,the best time to mint your Genesis Key at https://t.co/kaAka8W1M3 only 10K in total https://t.co/VJdvvnsV10
1520220436528648193,2022-04-30 01:56:11+00:00,1,0,https://t.co/ksiQupUhSJ https://t.co/BrpL91pVIZ
1518767735567572993,2022-04-26 01:43:40+00:00,8,0,"Hey! You can earn Rewards for running a node on your phone üòä

Register via my Invite Link:
https://t.co/wzI0SFhbyB

Then get your node set up &amp; join the community:
https://t.co/9YqTAJR3mS"
1518077783070547969,2022-04-24 04:02:02+00:00,0,0,@nasdaily meÔºüüòÅ
1516339099778666496,2022-04-19 08:53:08+00:00,0,0,@PuffYatty oh shit. nft made you a $200K lossüòÇ
1515327666144096265,2022-04-16 13:54:03+00:00,0,0,@micharmp1 @Chain @rubalChohla05 @YoursPratik_ @anublue30 @taukirmukadam @ChCh620x i am the real IndiaüòÉ why not me?ü§ëü§ë
1511241842368692227,2022-04-05 07:18:27+00:00,0,0,@RDM_Squiggles 666 is my lucky no.
1511241428072026120,2022-04-05 07:16:48+00:00,0,0,@RDM_Squiggles done no.267
1508566165525774341,2022-03-28 22:06:16+00:00,0,0,@Huobi_India https://t.co/RWhqSh2Bo2
1507637171020255232,2022-03-26 08:34:46+00:00,0,0,@Huobi_India try https://t.co/RWhqSh2Bo2
1506843785954840578,2022-03-24 04:02:09+00:00,0,0,@Huobi_India https://t.co/RWhqSh2Bo2 $hi @hi_com_official
1504334616689319938,2022-03-17 05:51:36+00:00,0,0,"@hi_com_official nickname:biden
EOD price:0.80USD"
1504219122791600132,2022-03-16 22:12:40+00:00,0,0,@PuffYatty https://t.co/RWhqSh2Bo2
1500801709517389824,2022-03-07 11:53:05+00:00,0,0,@Beenetworkintl the date should be 2022-03-07?üòÜ
1498622938119028736,2022-03-01 11:35:26+00:00,0,0,@hi_com_official @beincrypto go Giga Pool!
1498533378643173376,2022-03-01 05:39:33+00:00,1,0,@hi_com_official @cryptodailyuk the best project ever!
1496888689854943232,2022-02-24 16:44:09+00:00,1,0,@Contis_ @hi_com_official congrats!
1496618719665139716,2022-02-23 22:51:23+00:00,1,1,@hiRavenCrypto https://t.co/RWhqSh2Bo2 $100 in 2025!
1492906875045752841,2022-02-13 17:01:50+00:00,2,0,@binance https://t.co/RWhqSh2Bo2 next-gen blockchain bank
1492905992727810052,2022-02-13 16:58:20+00:00,0,0,@shaunwhite you are the best!
1492902668200779783,2022-02-13 16:45:07+00:00,5,0,https://t.co/QHttoPZ4Fz will 100x bigger than Binance. join at https://t.co/RWhqSh2Bo2 by?using BIDEN as special invite code! https://t.co/7qaBXT220b
1492901984780918785,2022-02-13 16:42:24+00:00,0,0,@kooldeep_ 1 million Hi DollarsüòÑyou can earn hi dollars via https://t.co/RWhqSh2Bo2
1492494925719654402,2022-02-12 13:44:54+00:00,0,0,@mayazi https://t.co/RWhqSh2Bo2
1490470999548174336,2022-02-06 23:42:32+00:00,0,0,@OasisCoin_ scam from India
1490470931004854275,2022-02-06 23:42:16+00:00,0,0,@OasisCoin_ @BinanceChain scam!
1489670351776747522,2022-02-04 18:41:03+00:00,0,0,@TenzynZochbauer @Olympics sb
1485869640303595520,2022-01-25 06:58:23+00:00,0,0,@swaghoodmoney23 why not?
1483833973738516487,2022-01-19 16:09:22+00:00,0,0,come to join https://t.co/RWhqSh2Bo2 by using BIDEN as invite code in a hurry! https://t.co/YvgvHJy97N
1481032980738953216,2022-01-11 22:39:13+00:00,0,0,@3TigaSatu1 @Chain @Kashishoberai11 @ChiragG14 @farhan_sheikh7 @OldYaade @pratikdumhare_5 why not meü§ëü§ëü§ë
1481032854096138240,2022-01-11 22:38:43+00:00,0,0,@moun_nft @Chain @Kashishoberai11 @ChiragG14 @farhan_sheikh7 @OldYaade @pratikdumhare_5 i am @Indiaü§™
1480725661694275589,2022-01-11 02:18:02+00:00,3,1,want to know how to make money? follow me and you will be rich in 2022! https://t.co/GwhNVax9AF
1479673388281040896,2022-01-08 04:36:41+00:00,1,0,@laoyaoMax @Beenetworkintl are you fucking kidding?üò§üò§
1476947606945284099,2021-12-31 16:05:24+00:00,0,0,@peediesissy fuck you!
1476933465664802823,2021-12-31 15:09:12+00:00,0,0,@MUSK_METAVERSE this is a huge scam from Indian BIG FUCKING SCAMS. The guys will be arrested shortly. Don't purchase any token the shit guys! The guys just rug-pulled https://t.co/39AvYLjqfk and cheated more than USD5 million!
1476933438846472213,2021-12-31 15:09:06+00:00,0,0,@MUSK_METAVERSE this is a huge scam from Indian BIG FUCKING SCAMS. The guys will be arrested shortly. Don't purchase any token the shit guys! The guys just rug-pulled https://t.co/39AvYLjqfk and cheated more than USD5 million!
1476933413370310662,2021-12-31 15:09:00+00:00,0,0,@MUSK_METAVERSE this is a huge scam from Indian BIG FUCKING SCAMS. The guys will be arrested shortly. Don't purchase any token the shit guys! The guys just rug-pulled https://t.co/39AvYLjqfk and cheated more than USD5 million!
1476933386782576654,2021-12-31 15:08:54+00:00,0,0,@MUSK_METAVERSE this is a huge scam from Indian BIG FUCKING SCAMS. The guys will be arrested shortly. Don't purchase any token the shit guys! The guys just rug-pulled https://t.co/39AvYLjqfk and cheated more than USD5 million!
1476933363059601409,2021-12-31 15:08:48+00:00,0,0,@MUSK_METAVERSE this is a huge scam from Indian BIG FUCKING SCAMS. The guys will be arrested shortly. Don't purchase any token the shit guys! The guys just rug-pulled https://t.co/39AvYLjqfk and cheated more than USD5 million!
1476933325872893983,2021-12-31 15:08:39+00:00,0,0,@p2pb2b @MUSK_METAVERSE this is a huge scam from Indian BIG FUCKING SCAMS. The guys will be arrested shortly. Don't purchase any token the shit guys! The guys just rug-pulled https://t.co/39AvYLjqfk and cheated more than USD5 million!
1476933020120764418,2021-12-31 15:07:26+00:00,0,0,@p2pb2b @MUSK_METAVERSE this is a huge scam from Indian BIG FUCKING SCAMS. The guya will be arrested shortly. Don't purchase any token the shit guys! The guys just rug-pulled MUSKSWAP and cheated more than USD5 million!
1476932892949418012,2021-12-31 15:06:56+00:00,0,0,@MUSK_METAVERSE this is a huge scam from Indian BIG FUCKING SCAMS. The guya will be arrested shortly. Don't purchase any token the shit guys! The guys just rug-pulled MUSKSWAP and cheated more than USD5 million!
1476932862314168321,2021-12-31 15:06:49+00:00,0,0,@MUSK_METAVERSE this is a huge scam from Indian BIG FUCKING SCAMS. The guya will be arrested shortly. Don't purchase any token the shit guys! The guys just rug-pulled MUSKSWAP and cheated more than USD5 million!
1476921347108442122,2021-12-31 14:21:03+00:00,2,0,@Beenetworkintl Bee Healthy and Lucky!
1473801617145319439,2021-12-22 23:44:22+00:00,0,0,@NischalShetty join https://t.co/RWhqSh2Bo2 with BIDEN as invite code to Hi Dollars!
1473801572530409477,2021-12-22 23:44:11+00:00,0,0,@klrahul11 join https://t.co/RWhqSh2Bo2 with BIDEN as invite code to Hi Dollars!
1470708223598542848,2021-12-14 10:52:19+00:00,0,0,@narendramodi Earn free Hi dollars everyday by joining https://t.co/QHttoPZ4Fz by using DIWALI as invite code
1468565395057483778,2021-12-08 12:57:29+00:00,0,0,"@digidiploTaiwan @Ukraine Taiwan has been a part of China, as we knowüò±"
1468159618144784385,2021-12-07 10:05:04+00:00,0,0,@cz_binance https://t.co/uspupszHDp
1467314868630044683,2021-12-05 02:08:20+00:00,0,0,@NischalShetty that is meüòÄ
1466225431380697094,2021-12-02 01:59:18+00:00,0,0,@space999978 @AccuRayno @paraga üëÄüëÄüëÄ
1464742819554217984,2021-11-27 23:47:56+00:00,0,0,@VamsiRajulapat3 @WatcherGuru https://t.co/uspupsi6eP Hi Dollar!
1464161277463470080,2021-11-26 09:17:06+00:00,0,0,@BgmiTransfer you are scammer!
1463747758725210115,2021-11-25 05:53:55+00:00,0,0,@IndiaNews_itv hello
1463740601556426754,2021-11-25 05:25:29+00:00,1,0,@vimalannu no https://t.co/uspupszHDp is revolutionary!
1463534192583606279,2021-11-24 15:45:17+00:00,0,0,@ClayStack_HQ 0x2B0bE035901f99196C33f4d80cf41B8A38717093
1463421142400602115,2021-11-24 08:16:04+00:00,0,0,@bunglaji @advertisement @classified @usa @Canada @Australia @Russia hurry up! join https://t.co/uspupsi6eP to earn free hi dollars by using DIWALI as invite code!
1463420836002471943,2021-11-24 08:14:51+00:00,0,0,@Center4Land üëÄüëÄüëÄ join https://t.co/uspupsi6eP to earn hi dollars now!
1463406610051747840,2021-11-24 07:18:19+00:00,1,1,@CNBC_Awaaz @WazirXIndia @NischalShetty @shail_bhatnagar @virendraonNifty @india is embracing crypto. ü§óü§óü§ó
1463384497043349505,2021-11-24 05:50:27+00:00,0,0,"@Viveksh79387643 @blocksoftimeio welcome to join https://t.co/uspupsi6eP by using ""diwali"" as invite code"
1463346270349627403,2021-11-24 03:18:33+00:00,0,0,@The_Crypto_Mann come on join https://t.co/uspupsi6eP to earn hi dollars
1463343747698094081,2021-11-24 03:08:31+00:00,1,0,@The_Crypto_Mann i am embracing crypto. ü§óü§óü§ó
1461661680425844737,2021-11-19 11:44:35+00:00,0,0,@SQUID_DAO_GAME @chinese @cz_binance @squid_holders @Tokyom11 @binance can't wait the game!
1461234655558918149,2021-11-18 07:27:44+00:00,0,0,@sudhirchaudhary so join https://t.co/QHttoQgFx7 by using diwali as invite code to earn hi dollars now!
1461234536230973446,2021-11-18 07:27:16+00:00,0,0,@narendramodi so join https://t.co/QHttoQgFx7 by using diwali as invite code to earn hi dollars now!
1461234288087556098,2021-11-18 07:26:17+00:00,0,0,@CryptooIndia @narendramodi so join https://t.co/QHttoQgFx7 by using diwali as invite code to earn hi dollars now!
1461233863062016002,2021-11-18 07:24:36+00:00,0,0,@PMOIndia @narendramodi so join https://t.co/uspupsi6eP by using diwali as invite code to earn hi dollars now!
1460869026045825024,2021-11-17 07:14:52+00:00,0,0,@joel_imohimi @unifarm_ approveüòÅhttps://t.co/uspupsi6eP come on!
1460025242147901440,2021-11-14 23:21:58+00:00,2,2,"@SabreEthereum @RealFlokiInu @10DowningStreet hi Floki,  Welcome to India!"
1456741612965400576,2021-11-05 21:54:00+00:00,0,0,@ShibaArchives @ProjectFalconX all in!
1456306638416060443,2021-11-04 17:05:34+00:00,0,0,"@harbhajan_singh Happy Diwali. join https://t.co/uspupsi6eP to earn hi dollars by using ""diwali"" as special code!"
1456306574364844047,2021-11-04 17:05:18+00:00,1,0,"@Jaspritbumrah93 Happy Diwali. join https://t.co/uspupsi6eP to earn hi dollars by using ""diwali"" as special code!"
1456306396396331035,2021-11-04 17:04:36+00:00,0,0,"@MdShami11 Happy Diwali. join https://t.co/uspupsi6eP to earn hi dollars by using ""diwali"" as special code!"
1456306357531906049,2021-11-04 17:04:27+00:00,0,0,"@JasonRoy20 Happy Diwali. join https://t.co/uspupsi6eP to earn hi dollars by using ""diwali"" as special code!"
1456306276216946690,2021-11-04 17:04:07+00:00,0,0,"@rashidkhan_19 Happy Diwali. join https://t.co/uspupsi6eP to earn hi dollars by using ""diwali"" as special code!"
1456305848058142720,2021-11-04 17:02:25+00:00,0,0,@RubikaLiyaquat https://t.co/uspupsi6eP Happy Dowali to earn hi dollars now!
1456289956213760002,2021-11-04 15:59:16+00:00,2,1,"Hi official telegram group Hindi
https://t.co/ocy4dVCLIf"
1456175015427141632,2021-11-04 08:22:32+00:00,0,0,@MdShami11 https://t.co/uspupsi6eP
1456103678738239495,2021-11-04 03:39:04+00:00,0,0,"@iamsrk hi SRK, please PM me if you want to get the handle of @india for free. Thanks!"
1456103365797023755,2021-11-04 03:37:50+00:00,0,0,"@BeingSalmanKhan hi Salman, please PM me if you want to get the handle of @india for free. Thanks!"
1455411596621017092,2021-11-02 05:48:59+00:00,1,0,"@cryptofqlix The next spooky moonshot with an actual usecase! Make sure to join the telegram for more info. CMC AND CG listed. ADS next!

Tokenomics:
üíé4% FTM rewards
üî•built in burn mechanismsüî•

TG: @ BabyCasperToken https://t.co/5HX8nJyqqS"
1454870669561303043,2021-10-31 17:59:32+00:00,1,0,@BabyCasperBSC go Babycasper!
1454008018027356160,2021-10-29 08:51:40+00:00,1,0,@NischalShetty https://t.co/uspupszHDp
1453676921649127441,2021-10-28 10:56:00+00:00,0,0,@RavinderNaryana @UAE wow join https://t.co/uspupsi6eP to earn hi dollars for Diwali festival
1453362517816664075,2021-10-27 14:06:41+00:00,0,0,@NischalShetty diwali giveaway by joining https://t.co/uspupsi6eP
1452913411637997568,2021-10-26 08:22:05+00:00,0,0,@KongBTC https://t.co/uspupsi6eP
1452893280190939142,2021-10-26 07:02:06+00:00,0,0,@coingecko https://t.co/RWhqShkcfA
1452893246661672964,2021-10-26 07:01:58+00:00,1,0,@binance https://t.co/RWhqShkcfA
1452893184648888328,2021-10-26 07:01:43+00:00,0,0,@Benaskren pls take a look at https://t.co/RWhqShkcfA
1452893119448420352,2021-10-26 07:01:27+00:00,0,0,@NischalShetty https://t.co/uspupsi6eP
1452892781941194756,2021-10-26 07:00:07+00:00,0,0,@sandeshnishad @PintuMe49883240 @FoxCricket @BCCI @IPL join https://t.co/uspupsi6eP
1452815925493727233,2021-10-26 01:54:43+00:00,1,1,@narendramodi
1452537999208574980,2021-10-25 07:30:20+00:00,0,0,@kamalmurarka423 @imVkohli @BCCI join https://t.co/uspupsi6eP
1452534860355018754,2021-10-25 07:17:52+00:00,0,0,@Huobi_India join https://t.co/uspupsi6eP for Diwali holidays!
1452213907947458562,2021-10-24 10:02:31+00:00,0,0,@anujb2k hi take a look at https://t.co/uspupszHDp to earn free Hi dollars
1452213614404907010,2021-10-24 10:01:21+00:00,0,0,@confused_mandai hi try https://t.co/uspupszHDp with invtecode: diwali
1452162955601010692,2021-10-24 06:40:03+00:00,0,0,@Skamin34870248 go India.congrats. don't forget to join https://t.co/mmjIpgA1g5 to earn free $hi dollars by using diwali as invite code
1452162573843906561,2021-10-24 06:38:32+00:00,1,0,@abhishe80266333 @elonmusk @Shibtoken congrats. don't forget to join https://t.co/foIPOQhYWi to earn free $hi dollars
1451770933748764673,2021-10-23 04:42:17+00:00,0,0,@vijayshekhar congrats
1451770469649059843,2021-10-23 04:40:27+00:00,1,0,@skpunjabi21 @MUSKSWAPCHANNEL telegram. just click the given link and finish the tasks as per instructions
1451768553397317634,2021-10-23 04:32:50+00:00,1,0,"@skpunjabi21 @MUSKSWAPCHANNEL You will receive 50 million MUSK for signing up soon after your tasks are verified. Please wait a few moment because we want to avoid spam.

Refer your friends to earn 10 million MUSK for each referral.

REFERRAL LINK: https://t.co/V7xo9FzcP5"
1450688969373405188,2021-10-20 05:02:57+00:00,1,0,@Huobi_India https://t.co/uspupsi6eP hi Diwali free giveaway!
1449882853840338952,2021-10-17 23:39:44+00:00,1,0,@Anas39044058 hi my friend. pls join https://t.co/5j8FNmX2UY
1449194836179894274,2021-10-16 02:05:48+00:00,1,0,@InvestorPlace wow
1448656430588784640,2021-10-14 14:26:22+00:00,0,0,@ArjunTen welcome to https://t.co/uspupsi6eP
1447920892638425088,2021-10-12 13:43:36+00:00,1,0,just join https://t.co/GTza40XdSf with invite code: trump to earn bee coins for free! https://t.co/4OjneE6HOR
1447858996325486598,2021-10-12 09:37:39+00:00,1,0,@aarifthameem_tw @Mrkesh007 @ShibaTokenomics @shib https://t.co/uspupsi6eP to earn hi dollars
1447708995959939073,2021-10-11 23:41:36+00:00,0,0,"@vikram_Singh002 @koustavshrestha @taiwan @IndiaTaiwan so don't @ me, dude"
1447606866184310787,2021-10-11 16:55:46+00:00,0,0,@vikram_Singh002 @koustavshrestha @taiwan @IndiaTaiwan it is not surprise that India was so broken
1447599874527010819,2021-10-11 16:27:59+00:00,0,0,@koustavshrestha @taiwan @IndiaTaiwan oh my gosh. everybody knowa Taiwan is a part of Chinaüòä
1442159327020601359,2021-09-26 16:09:12+00:00,0,0,@impranavm_ @0xPolygon @_jdkanani https://t.co/uspupsi6eP
1438823428593577987,2021-09-17 11:13:32+00:00,1,0,@imVkohli @narendramodi https://t.co/uspupsi6eP to earn free diwali gifts!
1438528634487066627,2021-09-16 15:42:07+00:00,0,0,@GkGauta41175546 @CoinDCX https://t.co/uspupsi6eP
1436667354985820160,2021-09-11 12:26:04+00:00,0,0,@hi_com_official hi niclk: diwali
1432811583260925956,2021-08-31 21:04:36+00:00,0,0,@hi_com_official @scottmelker https://t.co/uspupsi6eP
1432811383259684870,2021-08-31 21:03:48+00:00,1,0,great interview! https://t.co/96KtIWV9tc
1432225399442915333,2021-08-30 06:15:19+00:00,0,0,@Huobi_India https://t.co/uspupszHDp
1432176550393249792,2021-08-30 03:01:12+00:00,6,0,@RealFlokiInu congrats!
1430759145708216323,2021-08-26 05:08:57+00:00,0,0,@TheMoonCarl https://t.co/uspupsi6eP
1430537659303137289,2021-08-25 14:28:50+00:00,0,0,@Randy_v4 omg. üò∞üò∞üò∞
1428373980344250373,2021-08-19 15:11:09+00:00,0,0,@ShivamS1206 @hi_com_official why can't I use the handle? üòÇ
1428306564054544386,2021-08-19 10:43:16+00:00,0,0,@ShivamS1206 @hi_com_official hi. are you kidding me? we are also doing our job to promote hi
1427684139147296771,2021-08-17 17:29:58+00:00,0,0,@Huobi_India @HuobiGlobal https://t.co/RWhqShkcfA
1427131203572756482,2021-08-16 04:52:48+00:00,0,0,@moon_guurl @loldefi https://t.co/RWhqShkcfA
1427130775879618562,2021-08-16 04:51:06+00:00,0,0,@binance https://t.co/RWhqShkcfA
1427130638038048778,2021-08-16 04:50:33+00:00,0,0,@mirabai_chanu join https://t.co/RWhqShkcfA
1426981527758393345,2021-08-15 18:58:02+00:00,0,0,@raj911 @shreyasrode @BoomingBulls https://t.co/RWhqShkcfA
1426970104042909697,2021-08-15 18:12:39+00:00,0,0,@ShivamS1206 after one year since your registration day
1426961617095315457,2021-08-15 17:38:55+00:00,0,0,@MangukiyaAdv @IndependenceDay https://t.co/RWhqShkcfA
1426344896131002368,2021-08-14 00:48:18+00:00,0,0,@misterrhussainn https://t.co/RWhqShkcfA
1426112547724406787,2021-08-13 09:25:01+00:00,0,0,@Beijing2022 China Stronger!
1426112292895199233,2021-08-13 09:24:01+00:00,0,0,@Cristiano https://t.co/RWhqSh2Bo2
1426058314224447490,2021-08-13 05:49:31+00:00,0,0,@APompliano https://t.co/RWhqSh2Bo2
1425964737888538628,2021-08-12 23:37:41+00:00,0,0,@novogratz @galaxyRTK @garyvee @GalaxyDigitalHQ https://t.co/RWhqShkcfA
1425964498674872321,2021-08-12 23:36:44+00:00,0,0,@CryptooAdy https://t.co/RWhqShkcfA
1425964433558233088,2021-08-12 23:36:28+00:00,0,0,@binance https://t.co/RWhqShkcfA
1425964351538688000,2021-08-12 23:36:09+00:00,0,0,@CryptoBubbleTea https://t.co/RWhqShkcfA
1425964275344936961,2021-08-12 23:35:51+00:00,0,0,@Israel https://t.co/RWhqShkcfA
1425964235394195463,2021-08-12 23:35:41+00:00,0,0,@Huobi_India @HuobiGlobal https://t.co/RWhqShkcfA
1425964208890417154,2021-08-12 23:35:35+00:00,0,0,@iamsrk @yrf @jaideepsahni @sudeepdop @Sukhwindermusic https://t.co/RWhqShkcfA
1425964168272703488,2021-08-12 23:35:25+00:00,0,0,@Cristiano https://t.co/RWhqShkcfA
1425964129144107009,2021-08-12 23:35:16+00:00,0,0,@narendramodi https://t.co/RWhqShkcfA
1425686905845207041,2021-08-12 05:13:40+00:00,0,0,@seanrach 1 million is comingüî•üî•üî•
1424987874391302148,2021-08-10 06:55:58+00:00,1,0,@SrBachchan https://t.co/RWhqShkcfA
1424972857948315652,2021-08-10 05:56:18+00:00,1,0,@iamsrk https://t.co/RWhqShkcfA
1424971079060135936,2021-08-10 05:49:14+00:00,0,0,@BeingSalmanKhan @myntra @FrshGrooming https://t.co/RWhqShkcfA
1424951693310140416,2021-08-10 04:32:12+00:00,0,0,@ZubyMusic https://t.co/RWhqSh2Bo2
1424951519707811869,2021-08-10 04:31:31+00:00,0,0,@narendramodi https://t.co/RWhqSh2Bo2
1424951416414687244,2021-08-10 04:31:06+00:00,0,0,@narendramodi @HemantSorenJMM https://t.co/RWhqSh2Bo2
1424951323737350147,2021-08-10 04:30:44+00:00,0,0,@IndiaToday https://t.co/RWhqSh2Bo2
1424758377708613633,2021-08-09 15:44:02+00:00,0,0,@canpukk @hi_com_official Hi daily rewards will be reduced to 1Hi after reaching the mark of  1million members.
1423668981353762826,2021-08-06 15:35:10+00:00,0,0,@ranzee444 @Olympics never
1422975951931994116,2021-08-04 17:41:19+00:00,0,0,@Makarshab oh my gosh. join https://t.co/RWhqShkcfA
1422906025993072646,2021-08-04 13:03:27+00:00,0,0,@hi_com_official #hodl hi dollars
1422225565457600512,2021-08-02 15:59:33+00:00,0,0,@AuthorShraddha @googlestudents @educationweek @PMOIndia @narendramodi @ShivrajSinghMP @republic join https://t.co/RWhqShkcfA pls
1421261154811224065,2021-07-31 00:07:19+00:00,0,0,@imVkohli let's get hi together! https://t.co/RWhqShkcfA
1421260980525273088,2021-07-31 00:06:38+00:00,0,0,@imVkohli @AnushkaSharma https://t.co/RWhqShkcfA
1421260680439635968,2021-07-31 00:05:26+00:00,0,0,@mirabai_chanu try to join https://t.co/RWhqShkcfA for free hi dollars
1420039166629355522,2021-07-27 15:11:35+00:00,2,0,@sachin_rt https://t.co/RWhqShkcfAü§ó
1417972040716357633,2021-07-21 22:17:33+00:00,0,0,@AmreshT88670496 @deepak_chahar9 https://t.co/RWhqShkcfA
1417971908381863937,2021-07-21 22:17:02+00:00,0,0,@SagarM712 @yourCashaa @moneycontrolcom @crypto try https://t.co/RWhqShkcfA
1415964401895579648,2021-07-16 09:19:55+00:00,0,0,@hi_com_official https://t.co/RWhqShkcfA
1413177459718213632,2021-07-08 16:45:36+00:00,9,1,rush to join us at https://t.co/RWhqSh2Bo2 https://t.co/5ZkOcJKBFt
1412056439426744328,2021-07-05 14:31:04+00:00,1,0,@HuobiGlobal https://t.co/RWhqShkcfA
1406746992269611012,2021-06-20 22:53:13+00:00,0,0,@BruceVH https://t.co/RWhqShkcfA
1406746901316214788,2021-06-20 22:52:52+00:00,0,0,@Huobi_India https://t.co/RWhqShkcfA
1405561192941199366,2021-06-17 16:21:17+00:00,0,0,@PankajK18883240 @Sandeep73411030 https://t.co/RWhqShkcfA
1405559925296619528,2021-06-17 16:16:14+00:00,0,0,@Vamsimantri5 https://t.co/RWhqShkcfA
1404681134512824322,2021-06-15 06:04:14+00:00,0,0,@melindagates @BillGates but finally divorcedüò≠üò≠üò≠
1404469060029403141,2021-06-14 16:01:32+00:00,0,0,"@hi_com_official hi, I am all in https://t.co/BILrgWfw2CüòÅ"
1404468399867011076,2021-06-14 15:58:54+00:00,7,0,"I've just joined ""hi"", a revolutionary banking service that is co-founded by superstars from Alibaba, Morgan Stanley, and Bitcoin.c≈çm. 
I am sending you hi Dollars - a cryptocurrency that's ""Bitcoin with Benefits"". 
Sign up and claim your reward: 

üëâ  https://t.co/KfIedXxKlO"
1403842079462084608,2021-06-12 22:30:08+00:00,0,0,@SanjayRathava10 @InuKishu @10Ronaldinho @America @japan Nani?
1398434597998796800,2021-05-29 00:22:44+00:00,0,0,@PratikThakker3 @Israel congrats
1398083019139858438,2021-05-28 01:05:41+00:00,0,0,@AbhishekGTweet üëÄüëÄüëÄ
1397903642741547014,2021-05-27 13:12:54+00:00,1,0,"@FoundedScarab hey, the ban has nothing to do with me, folks"
1397901911085383687,2021-05-27 13:06:02+00:00,0,0,@fcb_PuigHive @DinhoMagic @AnshKatyal24 @Wazardddd too young too naiveüëéüëéüëé
1397898967266910209,2021-05-27 12:54:20+00:00,0,0,@DinhoMagic @fcb_PuigHive @AnshKatyal24 @Wazardddd wtf?
1397426151748898825,2021-05-26 05:35:32+00:00,1,0,@Mikasajean üòãüòõüòé
1396311898132336643,2021-05-23 03:47:53+00:00,0,0,@girldadNFT @ARG_Abhishek @jmortesq @vitoTK @nbatopshotbot what?
1394710011293536257,2021-05-18 17:42:33+00:00,0,0,@equa_nimous üëÄüëÄüëÄ
1394709607390486530,2021-05-18 17:40:57+00:00,0,0,@fiIterist i can'tüëÅÔ∏è
1394709435688181760,2021-05-18 17:40:16+00:00,0,0,@SvmRoy @RobinhoodApp @shib @shiba üëÄüëÄüëÄ
1394709335058485249,2021-05-18 17:39:52+00:00,0,0,@sneahomoy @IsraeliPM @Israel @AjitDoval3 @PMOIndia @DrSJaishankar üëÄüëÄüëÄ
1394704971669536772,2021-05-18 17:22:32+00:00,0,0,@kapoorkkunal @sandeepnailwal wowü§ôü§ôü§ô
1394608950302035970,2021-05-18 11:00:58+00:00,1,0,@cz_binance @BinanceBCF proud of youüëçüèªüëçüèªüëçüèª
1392764745095303170,2021-05-13 08:52:46+00:00,0,0,@Top3_betsofday save meüò≤üò≤üò≤
1391009500325285896,2021-05-08 12:38:03+00:00,0,0,@smtgpt helloüòÅ
1390694306541834240,2021-05-07 15:45:35+00:00,1,0,@smtgpt hi
1389938802106322946,2021-05-05 13:43:28+00:00,1,0,@Mrsuresh72 it is not my faultüò¢üò•üò®
1389938563609808897,2021-05-05 13:42:32+00:00,0,0,@TorBair I have 22K followers
1389933376392466442,2021-05-05 13:21:55+00:00,0,0,@Huobi_India welcomeüòÅ
1389847766495416320,2021-05-05 07:41:44+00:00,0,0,@Iam_Srid i don't know yet
1389847549071163395,2021-05-05 07:40:52+00:00,0,0,@kitaab31 üëÄüëÄüëÄ
1389540464127266816,2021-05-04 11:20:37+00:00,1,0,@Aadil_rangrej05 üëçüèªüëçüèªüëçüèª
1389530678845317121,2021-05-04 10:41:44+00:00,1,0,@binance $FSN pls!
1389528401313030146,2021-05-04 10:32:41+00:00,0,0,@JonErlichman Pi will be euqual to above combined by 2031
1389527733516980226,2021-05-04 10:30:02+00:00,0,0,@CryptooIndia @HDFC_Bank @ICICIBank @AxisBank https://t.co/lvta763aZf support you!
1387948975928446978,2021-04-30 01:56:37+00:00,0,0,@sandeepnailwal pls follow me back. I wana DM you.ü§ù
1387944892605911040,2021-04-30 01:40:23+00:00,0,0,@barry17380719 üëçüèªüëçüèª
1387896339262959619,2021-04-29 22:27:27+00:00,1,0,@Ash18537355 beautifulü§ôü§ôü§ô
1387895540021485573,2021-04-29 22:24:17+00:00,1,0,@sandeepnailwal Thank you!
1387895339554729984,2021-04-29 22:23:29+00:00,0,0,@FrontierDotXYZ Thanking you!
1387608141794136066,2021-04-29 03:22:16+00:00,0,0,@ha_rsH_M_3120 i don't knowüò¢
1387588041674346498,2021-04-29 02:02:23+00:00,0,0,@backlogisamyth @Sonal51388767 üò¢üò¢üò¢
1386232828493385734,2021-04-25 08:17:15+00:00,0,0,@MShahinur2 how can i help?
1384924035386068993,2021-04-21 17:36:35+00:00,1,0,@Jagadee87723979 @LetsGiveItASpin @YouTube earn 1 million by joining https://t.co/GTza40FD0H with invite code: trump
1384549831411068928,2021-04-20 16:49:38+00:00,0,0,@VikasKumarRaju1 take a look at https://t.co/GTza40XdSf
1382252576482021376,2021-04-14 08:41:09+00:00,0,0,@chia_project how can I upgrade to the latest verision when I am building Plots with previous version. can I stop it and upgrade?
1382023608797519874,2021-04-13 17:31:19+00:00,0,0,@pardeep88249127 @Dogeinvesting @dogecoin @moon https://t.co/GTza40XdSf with invite code: trump
1381788836884144130,2021-04-13 01:58:25+00:00,0,0,@bokbok67 @ReallySwara @IndiaToday how?
1381550725587632130,2021-04-12 10:12:15+00:00,2,0,@Huobi_India congrats
1381077118990262272,2021-04-11 02:50:18+00:00,1,0,"@cz_binance hello, I am @indiaüòÅ"
1380677621944487937,2021-04-10 00:22:51+00:00,1,0,@getsdotco @DomainBooth @domain how about my handle?üòÅ
1380677234873180164,2021-04-10 00:21:19+00:00,1,0,@DomainBooth @domain congratsüòÅ
1378973387280642048,2021-04-05 07:30:50+00:00,0,0,@SureshKumar0687 @i_the_indian_ @pachdagreat @IndiaToday how can i answer?
1376431512468418560,2021-03-29 07:10:20+00:00,1,0,@TyagiG04412632 happy holi!
1376228481009246211,2021-03-28 17:43:33+00:00,0,0,@SaiBhandare07 @indvseng Happy Holi to join https://t.co/GTza40XdSf with invite code: trump
1376228413216677891,2021-03-28 17:43:17+00:00,0,0,@NaveenAaka @ShreyasIyer15 @RishabhPant17 @krunalpandya24 @ParameshVaskul1 @imVkohli @hardikpandya7 @VamsiChandReddy @Yellasw69270590 @ajinkyarahane88 @Jaspritbumrah93 Happy Holi to join https://t.co/GTza40XdSf with invite code: trump
1376218873612038145,2021-03-28 17:05:23+00:00,0,0,@BeingSalmanKhan @AlwaysRamCharan Happy Holi to join https://t.co/GTza40XdSf with invite code: trump
1376218673262649349,2021-03-28 17:04:35+00:00,0,0,@abhijeetvaish10 @happyholli Happy Holi to join https://t.co/GTza40XdSf with invite code: trump
1376218376289153025,2021-03-28 17:03:24+00:00,1,0,@DKVERMA2020 @sureshraina @RishabhPant Happy Holi to join https://t.co/GTza40XdSf with invite code: trump
1376218242461564930,2021-03-28 17:02:52+00:00,0,0,@DeepakD23869941 Happy Holi to join https://t.co/GTza40XdSf with invite code: trump
1376218037083201540,2021-03-28 17:02:03+00:00,1,0,@saiprasath10 Happy Holi to join https://t.co/GTza40XdSf with invite code: trump
1376216926075023360,2021-03-28 16:57:38+00:00,0,0,@imsudhsingh @BCCI Happy Holi to join https://t.co/GTza40XdSf with invite code: trump
1376216904239443968,2021-03-28 16:57:33+00:00,0,0,@Harsh85482959 @samcurran Happy Holi to join https://t.co/GTza40XdSf with invite code: trump
1376216778582286339,2021-03-28 16:57:03+00:00,0,0,@Loboy_ravi @wholeworld @AllWorld Happy Holi to join https://t.co/lvta763aZf with invite code: trump
1376079096959090689,2021-03-28 07:49:57+00:00,0,0,@HappyIndiatv @ManojSaru join https://t.co/GTza40FD0H to earn free money by using invite code: trump
1376078668515139590,2021-03-28 07:48:15+00:00,0,0,@ICC Championship as we are as mining https://t.co/lvta76kMnP with invite code: trump
1376053966363066371,2021-03-28 06:10:06+00:00,0,0,"@ForensicFor @VinnySharma1712 @RakeshMia2 @Vijay51652774 happy holi and.
 join https://t.co/lvta76kMnP to earn free money"
1376001384286363648,2021-03-28 02:41:09+00:00,2,0,@BickeyChetry @assam happy holi with https://t.co/lvta763aZfüòÅ
1375877865086967813,2021-03-27 18:30:20+00:00,0,0,@RohanRa23150031 @ICC Join https://t.co/lvta763aZf together with invite code: trump
1375870919516717057,2021-03-27 18:02:44+00:00,0,0,@PrakashPntr https://t.co/GTza40XdSf with invite code: trump
1375723533263798273,2021-03-27 08:17:04+00:00,0,0,@D3M_999 did you use our invite code?
1375723289985736706,2021-03-27 08:16:06+00:00,0,0,"@mhul10o_ hi, https://t.co/GTza40XdSf"
1375631992218263558,2021-03-27 02:13:19+00:00,0,0,@vikram_samal @dcp_cuttack @cpbbsrctc @CMO_Odisha @homeodisha @DGPOdisha @odisha_police @SarangiSudhansu @MoSarkar_Odisha @dcpbbsr @prsprateek @spl_sqdctc @begger @Silvercity @templecity üò¢üò¢üò¢
1375523222746095617,2021-03-26 19:01:06+00:00,0,0,@czbiohub @euanashley https://t.co/LUjP2poJGv for your choice
1375383367710019584,2021-03-26 09:45:22+00:00,0,0,@DevirupaM hi
1375383011663998979,2021-03-26 09:43:58+00:00,0,0,@Neelesh___ hiüòÅ
1375311571275051017,2021-03-26 05:00:05+00:00,0,0,@hd_interior @HAdesigns @Hyderabaad https://t.co/GTza40XdSf join
1375133149940740101,2021-03-25 17:11:06+00:00,0,0,@HIMANSH62619074 holiüòÅ
1375133001302990851,2021-03-25 17:10:30+00:00,0,0,@YOKGANESH thanks. https://t.co/GTza40XdSf
1374533577161863170,2021-03-24 01:28:37+00:00,0,0,@imVkohli Congrats. Come to earn https://t.co/lvta763aZf with invite code: trump
1374533080979894277,2021-03-24 01:26:38+00:00,0,0,@manjeetsnotiya1 üòÅ
1374384047992889349,2021-03-23 15:34:26+00:00,0,1,@ManUtdSZN ü§ôü§ôü§ô
1374164391374024710,2021-03-23 01:01:36+00:00,0,0,"@BeingSalmanKhan @PepsiIndia haha, so sweet with bee honey https://t.co/GTza40FD0H"
1374163467809210373,2021-03-23 00:57:56+00:00,0,0,@ritikmathurvlog üò¢üò¢üò¢
1374163378789318658,2021-03-23 00:57:34+00:00,0,0,@user06620 why thank meüò≤
1374152151417581568,2021-03-23 00:12:58+00:00,0,0,"@OKExIndia @Chiliz @socios hello, india is comingüòÅ"
1374010782552223745,2021-03-22 14:51:13+00:00,0,0,@user06620 @HikaruRose_ üôà
1373959774492975106,2021-03-22 11:28:31+00:00,0,0,@pksrivastava6 üëçüèªüëçüèªüëçüèª
1373878786651951105,2021-03-22 06:06:42+00:00,0,0,@IndiaToday don't know
1373867919772315651,2021-03-22 05:23:31+00:00,1,0,@vijayashreenair @chittukuruvi4 üëçüèªüëçüèªüëçüèª
1373867786183667721,2021-03-22 05:23:00+00:00,0,0,"@arsad15710191 @twenty20 @England @t20i @imVkohli @ImRo45 @RishabhPant17 Go strong,India‚úäüèª‚úäüèª‚úäüèª"
1373858438980112387,2021-03-22 04:45:51+00:00,0,0,@mukeshbhartiya üòä
1373665918107066368,2021-03-21 16:00:51+00:00,0,0,"@Bigfan_Charli first you need to download the Bee app from https://t.co/lvta763aZf, and the sign up an account by using invite code: trump"
1373663412828262409,2021-03-21 15:50:53+00:00,0,0,@hardikpandya7 @BCCI cool.
1373663282377093123,2021-03-21 15:50:22+00:00,0,0,@GoldenRinku @hardikpandya7 Bee invite code: trump
1373663158770880514,2021-03-21 15:49:53+00:00,1,0,@GoldenRinku @hardikpandya7 Thank you with https://t.co/lvta763aZf
1373654483096334344,2021-03-21 15:15:24+00:00,0,0,@Bigfan_Charli our invite code is trump
1373650110257623047,2021-03-21 14:58:02+00:00,0,0,@Bigfan_Charli it is easy to go just by the steps carefully.
1373645091596759044,2021-03-21 14:38:05+00:00,0,0,"@Maitriraval7 @ImRo45 hi, https://t.co/GTza40XdSf"
1373644983052374017,2021-03-21 14:37:39+00:00,0,0,@Michaelnguri just download it via https://t.co/GTza40XdSf
1373554963612233729,2021-03-21 08:39:57+00:00,0,0,@vijayshekhar @amitandon craglistüòÅ
1373554594677104642,2021-03-21 08:38:29+00:00,0,0,@Zfrlkc @eksisozlu üëøüëøüëø
1373523852425191426,2021-03-21 06:36:19+00:00,0,0,@CryptooIndia https://t.co/GTza40XdSf
1373523480398893058,2021-03-21 06:34:51+00:00,0,0,@arsad15710191 @t20i @England @TeamIndia @imVkohli @BCCI @T20WorldCup @IPL @IPL_T20_HOME @CSKFansArmy @ImRo45 @hardikpandya7 @RishabhPant17 https://t.co/lvta763aZf
1373476874836344834,2021-03-21 03:29:39+00:00,0,0,@Tyagi_Munidev @PMOIndia @India_NHRC I am happy with https://t.co/lvta763aZfüòÅ
1373296312611962881,2021-03-20 15:32:10+00:00,1,0,@umairansari205 hi
1373296046718193665,2021-03-20 15:31:06+00:00,0,0,"@BrijinderPathan @MontyPanesar @mipaltan @sachin_rt @KP24 @YUVSTRONG12 @virendersehwag @IrfanPathan @SrBachchan @BeingSalmanKhan @BCCI wow, come on to try https://t.co/GTza40FD0H with invite code: trump"
1373295801401761798,2021-03-20 15:30:08+00:00,0,0,@bhosaleshree @virendersehwag üòÑ
1373101059787288584,2021-03-20 02:36:18+00:00,0,0,@rod__________ open source not yet
1373097877304610820,2021-03-20 02:23:39+00:00,0,0,@rod__________ try https://t.co/lvta763aZf with invite code: trump
1372431340134563841,2021-03-18 06:15:04+00:00,0,0,@imsudhirboora @elonmusk mine Bee now free
1372313345848569856,2021-03-17 22:26:12+00:00,1,0,@SaaSWiz @Nigeria why?
1371731547296993283,2021-03-16 07:54:21+00:00,1,0,@cz_binance hi. let me support you from @india
1371598086703751168,2021-03-15 23:04:01+00:00,0,0,@Abhiman34139889 why?
1371597972383756290,2021-03-15 23:03:34+00:00,0,0,@Baby76845674 hi
1371597931967520769,2021-03-15 23:03:24+00:00,0,0,@Player1Rising @elonmusk hi.  No banning
1371447915122585603,2021-03-15 13:07:17+00:00,0,0,@EnvyPiquete No.  I don't ban. We are launching https://t.co/GTza40XdSf come on join us with invite code: trump
1371370076528541699,2021-03-15 07:57:59+00:00,0,0,@rananast @PMOIndia @rashtrapatibhvn why ban? just mine free Bee via https://t.co/GTza40XdSf with invite code: trump
1371311128526036997,2021-03-15 04:03:45+00:00,0,0,@cryptoandyapg @loomdart India needs more young innovative officers to lead.
1371309935498194949,2021-03-15 03:59:00+00:00,1,0,@BeingSalmanKhan @bindasbhidu @DishPatani @RandeepHooda @PDdancing @SKFilmsOfficial @ZeeStudios_ @SohailKhan @atulreellife @ReelLifeProdn @ZeeMusicCompany cool
1371309584711704576,2021-03-15 03:57:37+00:00,0,0,"@DjokerNole hi, take a look at https://t.co/lvta763aZf with invite code: trump pls."
1371309073249882112,2021-03-15 03:55:35+00:00,0,0,@FUMON__ @loomdart Trump is jobless now and starts mining Beeüòú
1371307105248899074,2021-03-15 03:47:46+00:00,1,0,@CryptooIndia India should be more open to Crypto
1371306827283984390,2021-03-15 03:46:39+00:00,0,0,@loomdart try https://t.co/GTza40XdSf
1371306765296398341,2021-03-15 03:46:25+00:00,0,0,@loomdart hello
1371294595397558273,2021-03-15 02:58:03+00:00,0,0,@FUMON__ @loomdart welcome to mine https://t.co/GTza40XdSf with invite code: trump
1371294246309793792,2021-03-15 02:56:40+00:00,0,0,@ne0hex @FUMON__ @loomdart why? do you know how much https://t.co/lvta763aZf value? it is a real startup project
1371147493677748227,2021-03-14 17:13:31+00:00,0,0,@altruist___ @BCCI Win Bee by joining https://t.co/GTza40XdSf with invite code: trump
1371147327478525955,2021-03-14 17:12:52+00:00,0,0,@biren4 @T20 Win Bee by joining https://t.co/GTza40XdSf with invite code: trump
1369497920072904704,2021-03-10 03:58:42+00:00,0,0,@SShubhamGupta3 @rsprasad @Government what can I do?
1369488410025422850,2021-03-10 03:20:55+00:00,0,0,@ZarzarPe1 @TostevinM @DevjyotGhoshal how can I?
1369152773615284226,2021-03-09 05:07:13+00:00,4,1,@Beenetworkintl @narendramodi
1369144966304309249,2021-03-09 04:36:12+00:00,0,0,@crypto_goura @Beenetworkintl be patient. https://t.co/lvta763aZf just 4 months oldüòÅ
1369119093232603145,2021-03-09 02:53:23+00:00,1,0,@JonErlichman https://t.co/pgosTsoiQW adds $100 billionüòÅ
1368749099382546432,2021-03-08 02:23:10+00:00,0,0,@CryptooIndia https://t.co/lvta763aZf is really cryptoüòÅ
1368347716967788547,2021-03-06 23:48:13+00:00,0,0,@justinsuntron how can you NFT twitter handle or domain name?üòã
1368246527995482113,2021-03-06 17:06:07+00:00,0,0,@ConorOkus @jack https://t.co/AOcjhXPLG8
1368202751939801098,2021-03-06 14:12:10+00:00,0,0,@Kisanet97913175 @Russia @china @Genocide @mission_rf @JoeBiden @ChinaEmbAddis @XHNews @UN @AbiyAhmedAli @SudanPMHamdok @UNGeneva @EU_Commission why @ meüëø
1368190568547966982,2021-03-06 13:23:45+00:00,0,0,@pksrivastava6 üòÅ
1363284054917844994,2021-02-21 00:27:01+00:00,1,0,@mt_abhishek @pradologue https://t.co/yIN1uWJj4xüçî
1363065870289752065,2021-02-20 10:00:02+00:00,0,0,@DanKennett @England hiüçé
1363065663368159235,2021-02-20 09:59:13+00:00,0,0,@apjs_rahul @MrBeastYT hiüß°
1362990111273615360,2021-02-20 04:59:00+00:00,1,0,@anjifotograph @National @hyderabad @tankbund @telangana üòÅ
1362977508824551430,2021-02-20 04:08:55+00:00,0,0,@mukeshbhartiya üëø
1359339895345475584,2021-02-10 03:14:21+00:00,0,0,@Mohit86584765 @narendramodi hello
1359339841113059328,2021-02-10 03:14:08+00:00,0,0,@Manjitaah @MahuaMoitra @narendramodi @PMOIndia üòÅ
1359339765741416457,2021-02-10 03:13:50+00:00,0,0,@Shahnaw31044498 @NischalShetty @elonmusk why?üòÅ
1358108966719422464,2021-02-06 17:43:04+00:00,0,0,@Paraspandey1996 @balajis @PMOIndia mine Bee via https://t.co/GTza40XdSf with invite code: trump
1346657478641999872,2021-01-06 03:18:57+00:00,0,0,@Beenetworkintl congrats
1324691058345668609,2020-11-06 12:32:14+00:00,0,0,@spectatorindex https://t.co/A3xHuYH6OB
1324690703679541250,2020-11-06 12:30:49+00:00,0,0,@spectatorindex https://t.co/H5Yx718Ayh
1324690681621745665,2020-11-06 12:30:44+00:00,0,0,@spectatorindex https://t.co/A5eSCUIZHc
1319639084885659649,2020-10-23 13:57:30+00:00,1,1,@theblaze fake pollü§£ü§£ü§£
1301805376178778112,2020-09-04 08:52:42+00:00,1,0,@RajRathod014 @narendramodi 1/5 of China
1301799982085754880,2020-09-04 08:31:16+00:00,0,0,"@SfsQtTlWVFiYHuT @Taihoku1895 @weiwuyou why @ me, get awayüò°"
1301524718760071168,2020-09-03 14:17:28+00:00,0,0,@oalzaabi hi
1300116296395190272,2020-08-30 17:00:54+00:00,0,0,@ankur_kaila @Russia me?
1282022038933106688,2020-07-11 18:40:47+00:00,0,0,@SrBachchan All prayers for youüôèüèª
1282021711446044673,2020-07-11 18:39:29+00:00,0,0,@Offical_Kangana @SrBachchan shit
1279639173255708672,2020-07-05 04:52:08+00:00,0,0,@Chandan_2906 @StyleListings for me?üòÅ
1274027336380243968,2020-06-19 17:12:41+00:00,0,0,@dineshSharma266 @EconomicTimes üò≤
1257109626669027328,2020-05-04 00:47:45+00:00,0,0,@Amjack__ @spectatorindex SB
1244294048707313665,2020-03-29 16:03:13+00:00,0,0,@rajeshsawhney 042
1243607447530393600,2020-03-27 18:34:55+00:00,0,0,@venkatananth Pls take a look at our pinned tweet. @india handle could be given free. Come and join to achieve the goal together
1243604135489851392,2020-03-27 18:21:45+00:00,1,0,@paavanshukla Pls take a look at our pinned tweet. @india handle could be given free. Come and join to achieve the goal together
1243604028413509632,2020-03-27 18:21:20+00:00,0,0,@tovikasbagri Pls take a look at our pinned tweet. @india handle could be given free. Come and join to achieve the goal together
1243603788755136512,2020-03-27 18:20:22+00:00,0,0,@edgymanus Pls take a look at our pinned tweet. @india handle could be given free. Come and join to achieve the goal together
1243603654277345280,2020-03-27 18:19:50+00:00,0,0,@skiy7 @Israel @TwitterIndia @Twitter @narendramodi @PMOIndia @SushmaSwaraj Pls take a look at our pinned tweet. @india handle could be given free. Come and join to achieve the goal together
1243603498232459264,2020-03-27 18:19:13+00:00,0,0,@moronhumor @shilpitewari Pls take a look at our pinned tweet. @india handle could be given free. Come and join to achieve the goal together
1243603162142892032,2020-03-27 18:17:53+00:00,0,0,@vinaykesari Pls take a look at our pinned tweet. @india handle could be given free. Come and join to achieve the goal together
1243602861717479425,2020-03-27 18:16:41+00:00,0,0,@respecthinduism Pls take a look at our pinned tweet. @india handle could be given free. Come and join to achieve the goal together
1243601550804582400,2020-03-27 18:11:29+00:00,0,0,@ShaktiAvasthy Pls take a look at our pinned tweet. @india handle could be given free. Come and join to achieve the goal together
1243601037719527424,2020-03-27 18:09:27+00:00,0,0,"@Divkris Hi, take a look at our pinned tweet."
1232383158298935296,2020-02-25 19:13:36+00:00,0,0,@PiCoreTeam Hi Pi Network. Hope you can come to IndiaüòÅ
1226045571523211264,2020-02-08 07:30:17+00:00,0,0,@__TCCP__ HelloüòÇ
1226018954973335552,2020-02-08 05:44:31+00:00,0,0,@SepiaBose @hitRECordJoe @Kolkata HiüëÄ
1225984273984811008,2020-02-08 03:26:43+00:00,2,1,@aamir_khan @BeingSalmanKhan @iamsrk https://t.co/1vgf2R6vNG
1222551842099318786,2020-01-29 16:07:27+00:00,0,0,@nathanperrywake Did you receive a notification from a random member to come mine? The Core Team sent this message while debugging our notifications system. Your Pi and your account are safe! We temporarily took the app down during the surge of traffic caused...... https://t.co/7zC10UIrkG
1215299776733839360,2020-01-09 15:50:20+00:00,0,0,@mJbb7EiGRRdNAwk Pls check your accountüòÅ
1214857754784854016,2020-01-08 10:33:54+00:00,0,0,"@officialmcafee why not join Pi?üòÅ
https://t.co/EC9CAUURUz"
1214853788059590656,2020-01-08 10:18:08+00:00,1,0,"@romzy4444 Wow, super coolüòÅ"
1214825064807297025,2020-01-08 08:24:00+00:00,0,0,"@Creativ85162626 Estimated value for https://t.co/pgosTsoiQW is usd300,000"
1214574525163028485,2020-01-07 15:48:27+00:00,0,0,@Creativ85162626 It is costly. Selling https://t.co/pgosTsoiQW is doing contributions to the Pi project.
1190803775520309248,2019-11-03 01:31:58+00:00,3,0,"@spectatorindex Hong Kong is not a country, but a city of China"
1190803196739874816,2019-11-03 01:29:40+00:00,0,0,@i_m_sanafeer why not?
1175723885502722049,2019-09-22 10:49:52+00:00,0,0,"@TheOther420Guy you don't need to be on the phone, but you have to verify the number you register with Pi."
1175377482754609153,2019-09-21 11:53:24+00:00,0,0,@TheOther420Guy you need to remember the phone number input while you register.
1175377020466786304,2019-09-21 11:51:33+00:00,0,0,@TwbTGetrSmwJtnS you need to upgrade android to 5.0.above.
1142143963559649280,2019-06-21 18:55:15+00:00,4,0,@doc_comofficial @DDocasoul good jobüí™üí™üí™
1140810595165450240,2019-06-18 02:36:55+00:00,0,0,@rajeshsawhney it should be Shanghai
1132346978807926784,2019-05-25 18:05:32+00:00,1,0,@Bobchain_Crypto haha thank you Bobbyüôåüôåüôå
1132103343050878976,2019-05-25 01:57:25+00:00,3,0,@doc_comofficial Henry is the fuel to push https://t.co/uz98WKovbAüí™üí™üí™
1131959713581502464,2019-05-24 16:26:41+00:00,17,0,@CharlesNader @doc_comofficial @Univison2 wow something big will be happeningüí™üí™üí™
1123275489706037249,2019-04-30 17:18:40+00:00,4,1,@doc_comofficial @CharlesNader good job https://t.co/JRK46EvV0W
1116680992654102529,2019-04-12 12:34:30+00:00,7,1,@DDocasoul @doc_comofficial fantastic
1115479339313790976,2019-04-09 04:59:33+00:00,0,0,@zomatocare @swap6462522 @ZomatoIN why @ me?üò¥üò¥üò¥
1114818476495888384,2019-04-07 09:13:31+00:00,0,0,@narendramodi @RNTata2000 @AmbaniHu https://t.co/9KId7Y3CZp
1114347251583684608,2019-04-06 02:01:03+00:00,0,0,@suravikumar5 Guangzhou
1112408998467260417,2019-03-31 17:39:07+00:00,0,0,"@gan_chun hi can we cooperate,"
1111843194063519745,2019-03-30 04:10:49+00:00,3,0,@doc_comofficial good job
1107473807218884608,2019-03-18 02:48:26+00:00,0,0,@bwfmedia congrats to both
1045198665994784769,2018-09-27 06:29:15+00:00,0,0,@riteshagar hiüåû
1036664039860924416,2018-09-03 17:15:42+00:00,8,1,"i like here, don't you? https://t.co/sUPB0uetFM"
1002325794884972544,2018-05-31 23:07:46+00:00,0,0,"@officialmcafee @JSaneOfficial John, my idol, pls follow me."
958527589814972416,2018-01-31 02:29:20+00:00,0,0,"@VitalikButerin hi V God, pls follow me back. Thanks"
955972063872794624,2018-01-24 01:14:35+00:00,2,1,New VR Streaming Service: BitTorrent Meets Blockchain Meets YouTube Meets Twitch via @forbes https://t.co/aIvXrHXQO1
955824326720147456,2018-01-23 15:27:32+00:00,0,0,@officialmcafee pls follow me back. Thanks
955824222101692416,2018-01-23 15:27:07+00:00,0,0,"@officialmcafee John, how do you think about Theta Token?https://t.co/HmkzERFjST"
930590824903016449,2017-11-15 00:18:36+00:00,1,0,@mashable I like it. Where can we buy?
930378370264719361,2017-11-14 10:14:23+00:00,1,0,@sweden Congrats to Sweden
923470260371587072,2017-10-26 08:44:01+00:00,0,0,@SoftBank https://t.co/7HurefUo9s recommended to you!
920705774996869122,2017-10-18 17:38:57+00:00,13,1,Happy Diwali to all Indian! https://t.co/IrZTAsKABR
900623045882253312,2017-08-24 07:37:21+00:00,1,0,@kealth hi pls follow me
874333095826268166,2017-06-12 18:30:29+00:00,1,0,@KwokMiles p
874333089870356480,2017-06-12 18:30:27+00:00,1,0,@KwokMiles L
849508258800861184,2017-04-05 06:25:26+00:00,1,0,@anpei_hong Âì™ÈáåÔºÅ
818425458236628992,2017-01-09 11:53:29+00:00,20,1,"wow, it is a mark to remember for the 20000th followers! https://t.co/pvvxTkgz32"
787544920579985408,2016-10-16 06:45:15+00:00,17,3,great leaders https://t.co/EHSgPQ3hgm
769792876184231936,2016-08-28 07:04:58+00:00,11,1,CR7 https://t.co/VS2R3FGGoA
769070395400065024,2016-08-26 07:14:05+00:00,24,3,Nothing is impossible https://t.co/5aDkoOKiU5
759770152627998720,2016-07-31 15:18:14+00:00,3,0,@sambhavofficial RV for tourists
757453799879573504,2016-07-25 05:53:53+00:00,1,0,@_sachinbansal hello
757453214199480320,2016-07-25 05:51:33+00:00,0,0,@ananya_birla proud of you!
757451670527803392,2016-07-25 05:45:25+00:00,0,0,@kavinbm hi
757448137527140352,2016-07-25 05:31:23+00:00,0,0,@TheIshaAmbani hi
747571408075636736,2016-06-27 23:24:47+00:00,2,1,@sweden we are running a startup as we are Entrepreneurs
746272807596752896,2016-06-24 09:24:37+00:00,5,0,James you are the King! https://t.co/c8ojogXBd4
745590184830509056,2016-06-22 12:12:07+00:00,3,0,Congrats Jing James!@KingJames https://t.co/yICGFu8Cce
732989642702782464,2016-05-18 17:42:03+00:00,0,0,"@sundarpichai Dear Mr.Pichai, pls follow me back!"
731169270562979840,2016-05-13 17:08:33+00:00,0,0,"Google pumps in $300,000 in 6 Indian startups https://t.co/2mtvjKFncU #startup https://t.co/kriFpOcjfB"
721539491152928768,2016-04-17 03:23:14+00:00,4,0,Do you like football? https://t.co/wM69YlJoyn
718655973099970560,2016-04-09 04:25:10+00:00,2,1,Today it is a sunny day! https://t.co/CJ4naraNN5
680790902403678212,2015-12-26 16:42:54+00:00,6,1,Merry Christmas and Happy New Year! https://t.co/8GCHVcEeuu
679527283732910080,2015-12-23 05:01:44+00:00,2,0,"@FloydMayweather hi, Floyd!"
668835723450163200,2015-11-23 16:57:17+00:00,7,4,Beatlutiful scenes https://t.co/mKCPfBopUC
648636653066547200,2015-09-28 23:13:23+00:00,7,3,LinkedIn headquarter http://t.co/CEdgjLQuqT
646808949061058560,2015-09-23 22:10:45+00:00,4,1,San Francisco Golden Gate Bridge http://t.co/69qb2rrwYn
634752586948739072,2015-08-21 15:43:04+00:00,10,3,"A good story for us to be motivated. India is proud of you, Sandar! @sundarpichai http://t.co/rSGM1Zd82F"
633191500667596800,2015-08-17 08:19:52+00:00,1,1,"@sundarpichai hi, India is proud of you!"
625655250964381696,2015-07-27 13:13:30+00:00,11,2,wall street http://t.co/nFWzzW900K
618253002546225152,2015-07-07 02:59:37+00:00,2,0,@XHNews hello
613273411901636608,2015-06-23 09:12:30+00:00,2,0,"@aamir_khan hello, you are proud of India"
613269822646943744,2015-06-23 08:58:14+00:00,2,0,@_sachinbansal hello
609417956603371521,2015-06-12 17:52:17+00:00,2,0,"Good night, everybody!"
538877247596138497,2014-11-30 02:08:42+00:00,7,2,Good morning!
532032386653896704,2014-11-11 04:49:40+00:00,3,3,"@MukeshAmbaani hello, Mr.Mukesh Ambani!"
490717869882081280,2014-07-20 04:40:31+00:00,1,2,@radiomail Great countries China &amp;India!
490717703615676416,2014-07-20 04:39:52+00:00,0,0,@IndiaToday Great!
486804740039139329,2014-07-09 09:31:09+00:00,4,3,"hello, the world! http://t.co/34tAuhTLyd"
453331841039077376,2014-04-08 00:41:48+00:00,2,8,@ShadabAzmi Morning
453330515177644032,2014-04-08 00:36:31+00:00,7,12,horse http://t.co/Gx27XjjADz
317957132882419712,2013-03-30 11:11:02+00:00,5,2,Music Together http://t.co/dwIfICPrkj
285428912798961664,2012-12-30 16:55:30+00:00,1,2,"Fans to go up to 14,000!"
280720896128327681,2012-12-17 17:07:31+00:00,0,3,@SharikC you are proud of India.
278661254070038528,2012-12-12 00:43:14+00:00,4,0,@cocainebieber @justinbieber what is wrong with you?
270768419853459456,2012-11-20 05:59:56+00:00,0,0,"@rakesh01717 yes, I love my mother deeply."
269616435263844352,2012-11-17 01:42:22+00:00,1,0,"@Jackie4eternity sure, I will do my best. I love India very much."
268417172093665280,2012-11-13 18:16:55+00:00,1,3,Happy Diwali!
215362392220119041,2012-06-20 08:36:10+00:00,0,0,@AdityaNavale why? I love india also
213663755593203712,2012-06-15 16:06:23+00:00,0,0,@GauravSaha where did you find the site?
213663405792428033,2012-06-15 16:05:00+00:00,0,2,@puppuli but the ID is not for sell.
213662742664581123,2012-06-15 16:02:22+00:00,0,0,@puppuli what did you mean?
209501546369662976,2012-06-04 04:27:15+00:00,0,1,@iamsrksam u r shit
208391098941456385,2012-06-01 02:54:44+00:00,0,0,@Balochistan_B @un
207856919933763584,2012-05-30 15:32:06+00:00,0,1,@lokesh_kdr good evening! #
205327894564704258,2012-05-23 16:02:39+00:00,1,0,@kumarvikash22 here it is usd1.3 per litre for #93 petrol
945269953,2008-10-03 18:26:52+00:00,9,6,"hello, every one."
